current_name	new_name	estimate	family	style	source	description
01-bc32c-egyptian-hieroglyphs-noto-sans.ttf	01-bc32c-egyptian-hieroglyphs-noto-sans.ttf	bc32c	WTN Egyptian Hieroglyphs Noto Sans	Regular	Noto Sans Egyptian Hieroglyphs	Egyptian hieroglyphic ancestor row; broad early dynastic reference point, not an alphabetic witness.
02-bc19c-proto-sinaitic-wadi-el-hol-inscription.ttf	02-bc19c-proto-sinaitic-wadi-el-hol-inscription.ttf	bc19c	WTN Proto Sinaitic Wadi el-Hol 19th Century BCE	Bold	Wadi el-Hol SVG reconstructions with generic Proto-Semitic and fifteenth-century fallbacks	Wadi el-Hol inscription-style Proto-Sinaitic font; most likely ca. 1900-1800 BCE, with a conservative scholarly range of ca. 1950-1800 BCE.
03-bc18c-proto-sinaitic-serabit-el-khadim-inscription.ttf	03-bc18c-proto-sinaitic-serabit-el-khadim-inscription.ttf	bc18c	WTN Proto Sinaitic Serabit el-Khadim 18th Century BCE	Bold	Serabit el-Khadim SVG reconstructions with generic Proto-Semitic and fifteenth-century fallbacks	Serabit el-Khadim Proto-Sinaitic inscription-style font; most likely ca. 1850-1550 BCE, with many inscriptions clustering around the 18th century BCE and a conservative range of ca. 1900-1500 BCE.
04-bc15c-proto-sinaitic-15th-century-a.ttf	04-bc15c-proto-sinaitic-15th-century-a.ttf	bc15c	WTN Proto Sinaitic 15th Century A	Regular	Proto Sinaitic 15 / Kris J. Udd; broad Proto-Sinaitic comparison	Hand A previously labeled fifteenth-century Proto-Sinaitic; kept as a fifteenth-century Proto-Sinaitic comparison hand rather than a specific inscriptional attribution.
04-bc15c-proto-sinaitic-15th-century-b.ttf	04-bc15c-proto-sinaitic-15th-century-b.ttf	bc15c	WTN Proto Sinaitic 15th Century B	Regular	Proto Sinaitic 15 / Kris J. Udd; broad Proto-Sinaitic comparison	Hand B previously labeled fifteenth-century Proto-Sinaitic; kept as a fifteenth-century Proto-Sinaitic comparison hand rather than a specific inscriptional attribution.
04-bc15c-proto-sinaitic-generic-a.ttf	04-bc15c-proto-sinaitic-generic-a.ttf	bc15c	WTN Proto Sinaitic Generic A	Regular	Protosinaitic / Kris J. Udd	Additional generic Proto-Sinaitic hand A; source inscription uncertain.
04-bc15c-proto-sinaitic-generic-b.ttf	04-bc15c-proto-sinaitic-generic-b.ttf	bc15c	WTN Proto Sinaitic Generic B	Regular	Protosinaitic / Kris J. Udd	Additional generic Proto-Sinaitic hand B; source inscription uncertain.
04-bc15c-proto-sinaitic-15th-century-light.ttf	04-bc15c-proto-sinaitic-15th-century-light.ttf	bc15c	WTN Proto Sinaitic 15th Century	Light	Proto-Sinaitic reconstruction; compared with Serabit el-Khadim	Serabit el-Khadim-style Proto-Sinaitic reconstruction.
04-bc15c-proto-sinaitic-15th-century.ttf	04-bc15c-proto-sinaitic-15th-century.ttf	bc15c	WTN Proto Sinaitic 15th Century	Regular	Proto-Sinaitic reconstruction; compared with Serabit el-Khadim	Bold companion to the Serabit el-Khadim-style Proto-Sinaitic reconstruction.
05-bc14c-ugaritic-noto-sans.ttf	05-bc14c-ugaritic-noto-sans.ttf	bc14c	WTN Ugaritic Noto Sans	Regular	Noto Sans Ugaritic	Ugaritic cuneiform alphabet; Late Bronze Age fourteenth-century BCE reference row.
06-bc13c-proto-canaanite-a.ttf	06-bc13c-proto-canaanite-a.ttf	bc13c	WTN Proto Canaanite A	Regular	Proto Sinaitic 13 / Kris J. Udd	Thirteenth-century Proto-Canaanite alphabetic hand A.
06-bc13c-proto-canaanite-b.ttf	06-bc13c-proto-canaanite-b.ttf	bc13c	WTN Proto Canaanite B	Regular	Proto Sinaitic 13 / Kris J. Udd	Thirteenth-century Proto-Canaanite alphabetic hand B.
07-bc12c-proto-canaanite-izbet-sartah-a.ttf	07-bc12c-proto-canaanite-izbet-sartah-a.ttf	bc12c	WTN Proto Canaanite Izbet Sartah A	Regular	Izbet Sartah / Kris J. Udd	Izbet Sartah abecedary, rounded to the twelfth century BCE.
07-bc12c-proto-canaanite-izbet-sartah-b.ttf	07-bc12c-proto-canaanite-izbet-sartah-b.ttf	bc12c	WTN Proto Canaanite Izbet Sartah B	Regular	Izbet Sartah / Kris J. Udd	Izbet Sartah abecedary, rounded to the twelfth century BCE.
08-bc10c-paleo-hebrew-gezer-a.ttf	08-bc10c-paleo-hebrew-gezer-a.ttf	bc10c	WTN Paleo Hebrew Gezer A	Regular	Gezer Calendar / Kris J. Udd	Gezer Calendar hand; usually placed around the tenth century BCE.
08-bc10c-paleo-hebrew-gezer-b.ttf	08-bc10c-paleo-hebrew-gezer-b.ttf	bc10c	WTN Paleo Hebrew Gezer B	Regular	Gezer Calendar / Kris J. Udd	Gezer Calendar hand; usually placed around the tenth century BCE.
08-bc10c-paleo-hebrew-tel-zayit.ttf	08-bc10c-paleo-hebrew-tel-zayit.ttf	bc10c	WTN Paleo Hebrew Tel Zayit	Regular	Tel Zayit / Kris J. Udd	Tel Zayit abecedary hand; tenth century BCE.
08-bc10c-paleo-hebrew-noto-sans.ttf	08-bc10c-paleo-hebrew-noto-sans.ttf	bc10c	WTN Paleo Hebrew Noto Sans	Regular	Noto Sans Phoenician	Early Paleo-Hebrew/Phoenician comparison row from the Unicode Phoenician block.
09-bc09c-paleo-hebrew-mono.ttf	09-bc09c-paleo-hebrew-mono.ttf	bc09c	WTN Paleo Hebrew Mono	Regular	Paleo Hebrew Mono / Cezary M. Kruk	Modern monospaced reconstruction of Paleo-Hebrew, placed with monarchic Paleo-Hebrew for sorting.
09-bc09c-paleo-hebrew-yoram-gnat.ttf	09-bc09c-paleo-hebrew-yoram-gnat.ttf	bc09c	WTN Paleo Hebrew Yoram Gnat	Regular	Paleo Hebrew / Yoram Gnat	Modern Paleo-Hebrew reconstruction by Yoram Gnat.
09-bc09c-paleo-hebrew-robo.ttf	09-bc09c-paleo-hebrew-robo.ttf	bc09c	WTN Paleo Hebrew Robo	Regular	Paleo Hebrew Robo	Modern reconstruction of Paleo-Hebrew, placed with monarchic Paleo-Hebrew for sorting.
09-bc09c-paleo-hebrew-standard-a.ttf	09-bc09c-paleo-hebrew-standard-a.ttf	bc09c	WTN Paleo Hebrew Standard A	Regular	Paleo Hebrew / Kris J. Udd	Generic Paleo-Hebrew alphabet font, hand A.
09-bc09c-paleo-hebrew-standard-b.ttf	09-bc09c-paleo-hebrew-standard-b.ttf	bc09c	WTN Paleo Hebrew Standard B	Regular	Paleo Hebrew / Kris J. Udd	Generic Paleo-Hebrew alphabet font, hand B.
09-bc09c-paleo-hebrew-mesha-stele-a.ttf	09-bc09c-paleo-hebrew-mesha-stele-a.ttf	bc09c	WTN Paleo Hebrew Mesha Stele A	Regular	Moabite Stone / Kris J. Udd	Moabite/Mesha Stele hand, ninth century BCE.
09-bc09c-paleo-hebrew-mesha-stele-b.ttf	09-bc09c-paleo-hebrew-mesha-stele-b.ttf	bc09c	WTN Paleo Hebrew Mesha Stele B	Regular	Moabite Stone / Kris J. Udd	Moabite/Mesha Stele hand, ninth century BCE.
09-bc09c-paleo-hebrew-tel-dan-a.ttf	09-bc09c-paleo-hebrew-tel-dan-a.ttf	bc09c	WTN Paleo Hebrew Tel Dan A	Regular	Tel Dan Inscription / Kris J. Udd	Tel Dan inscription hand; ninth-century BCE estimate.
09-bc09c-paleo-hebrew-tel-dan-b.ttf	09-bc09c-paleo-hebrew-tel-dan-b.ttf	bc09c	WTN Paleo Hebrew Tel Dan B	Regular	Tel Dan Inscription / Kris J. Udd	Tel Dan inscription hand; ninth-century BCE estimate.
10-bc08c-paleo-hebrew-siloam-a.ttf	10-bc08c-paleo-hebrew-siloam-a.ttf	bc08c	WTN Paleo Hebrew Siloam A	Regular	Siloam Inscription / Kris J. Udd	Siloam inscription hand; late eighth century BCE.
10-bc08c-paleo-hebrew-siloam-b.ttf	10-bc08c-paleo-hebrew-siloam-b.ttf	bc08c	WTN Paleo Hebrew Siloam B	Regular	Siloam Inscription / Kris J. Udd	Siloam inscription hand; late eighth century BCE.
11-bc07c-paleo-hebrew-ketef-hinnom-a.ttf	11-bc07c-paleo-hebrew-ketef-hinnom-a.ttf	bc07c	WTN Paleo Hebrew Ketef Hinnom A	Regular	Ketef Hinnom 1 / Kris J. Udd	Ketef Hinnom amulet hand; late seventh or early sixth century BCE, rounded here to the seventh century BCE.
11-bc07c-paleo-hebrew-ketef-hinnom-b.ttf	11-bc07c-paleo-hebrew-ketef-hinnom-b.ttf	bc07c	WTN Paleo Hebrew Ketef Hinnom B	Regular	Ketef Hinnom 1 / Kris J. Udd	Ketef Hinnom amulet hand; late seventh or early sixth century BCE, rounded here to the seventh century BCE.
11-bc07c-paleo-hebrew-yavneh-yam-a.ttf	11-bc07c-paleo-hebrew-yavneh-yam-a.ttf	bc07c	WTN Paleo Hebrew Yavneh Yam A	Regular	Ostracon Yavneh Yam / Kris J. Udd	Original metadata identifies this as Ostracon Yavneh Yam, not Ketef Hinnom; late seventh-century BCE comparison hand.
11-bc07c-paleo-hebrew-yavneh-yam-b.ttf	11-bc07c-paleo-hebrew-yavneh-yam-b.ttf	bc07c	WTN Paleo Hebrew Yavneh Yam B	Regular	Ostracon Yavneh Yam / Kris J. Udd	Original metadata identifies this as Ostracon Yavneh Yam, not Ketef Hinnom; late seventh-century BCE comparison hand.
12-bc06c-paleo-hebrew-lachish-3.ttf	12-bc06c-paleo-hebrew-lachish-3.ttf	bc06c	WTN Paleo Hebrew Lachish 3	Regular	Lachish Letter 3 / Kris J. Udd	Lachish ostracon 3 hand; early sixth century BCE.
12-bc06c-paleo-hebrew-lachish-4.ttf	12-bc06c-paleo-hebrew-lachish-4.ttf	bc06c	WTN Paleo Hebrew Lachish 4	Regular	Lachish Letter 4 / Kris J. Udd	Lachish ostracon 4 hand; early sixth century BCE.
12-bc06c-paleo-hebrew-lachish-5.ttf	12-bc06c-paleo-hebrew-lachish-5.ttf	bc06c	WTN Paleo Hebrew Lachish 5	Regular	Lachish Letter 5 / Kris J. Udd	Lachish ostracon 5 hand; early sixth century BCE.
13-bc05c-imperial-aramaic-noto-sans.ttf	13-bc05c-imperial-aramaic-noto-sans.ttf	bc05c	WTN Imperial Aramaic Noto Sans	Regular	Noto Sans Imperial Aramaic	Imperial Aramaic administrative script; Persian-period fifth century BCE.
14-bc02c-dead-sea-scrolls-isaiah-a.ttf	14-bc02c-dead-sea-scrolls-isaiah-a.ttf	bc02c	WTN Dead Sea Scrolls Isaiah A	Regular	Isaiah Scroll / Kris J. Udd	Dead Sea Scrolls Isaiah hand; estimated to the second century BCE.
14-bc02c-dead-sea-scrolls-isaiah-b.ttf	14-bc02c-dead-sea-scrolls-isaiah-b.ttf	bc02c	WTN Dead Sea Scrolls Isaiah B	Regular	Isaiah Scroll / Kris J. Udd	Dead Sea Scrolls Isaiah hand; estimated to the second century BCE.
